KLYTÄMNESTRA;EIN JUNGER DIENER;1
KLYTÄMNESTRA;EIN ALTER DIENER;1
KLYTÄMNESTRA;ÄGISTH;1
KLYTÄMNESTRA;CHRYSOTHEMIS;1
KLYTÄMNESTRA;DIE SCHLEPPTRÄGERIN;1
KLYTÄMNESTRA;AUFSEHERIN;1
KLYTÄMNESTRA;ERSTE;1
KLYTÄMNESTRA;DIE VERTRAUTE;1
KLYTÄMNESTRA;VIERTE;1
KLYTÄMNESTRA;ELEKTRA;1
KLYTÄMNESTRA;DER KOCH;1
KLYTÄMNESTRA;CHKYSOTHEMIS;1
KLYTÄMNESTRA;DRITTE;1
KLYTÄMNESTRA;OREST;1
KLYTÄMNESTRA;DER PFLEGER;1
KLYTÄMNESTRA;DIE DIENERINNEN;1
KLYTÄMNESTRA;ZWEITE;1
KLYTÄMNESTRA;FÜNFTE;1
EIN JUNGER DIENER;FÜNFTE;1
EIN JUNGER DIENER;EIN ALTER DIENER;1
EIN JUNGER DIENER;ÄGISTH;1
EIN JUNGER DIENER;CHRYSOTHEMIS;1
EIN JUNGER DIENER;DIE SCHLEPPTRÄGERIN;1
EIN JUNGER DIENER;AUFSEHERIN;1
EIN JUNGER DIENER;ERSTE;1
EIN JUNGER DIENER;DIE VERTRAUTE;1
EIN JUNGER DIENER;VIERTE;1
EIN JUNGER DIENER;ELEKTRA;1
EIN JUNGER DIENER;DER KOCH;1
EIN JUNGER DIENER;CHKYSOTHEMIS;1
EIN JUNGER DIENER;DRITTE;1
EIN JUNGER DIENER;OREST;1
EIN JUNGER DIENER;DIE DIENERINNEN;1
EIN JUNGER DIENER;ZWEITE;1
EIN JUNGER DIENER;DER PFLEGER;1
EIN ALTER DIENER;OREST;1
EIN ALTER DIENER;ÄGISTH;1
EIN ALTER DIENER;CHRYSOTHEMIS;1
EIN ALTER DIENER;DER KOCH;1
EIN ALTER DIENER;AUFSEHERIN;1
EIN ALTER DIENER;ERSTE;1
EIN ALTER DIENER;DIE VERTRAUTE;1
EIN ALTER DIENER;VIERTE;1
EIN ALTER DIENER;ELEKTRA;1
EIN ALTER DIENER;DIE SCHLEPPTRÄGERIN;1
EIN ALTER DIENER;CHKYSOTHEMIS;1
EIN ALTER DIENER;DRITTE;1
EIN ALTER DIENER;DER PFLEGER;1
EIN ALTER DIENER;DIE DIENERINNEN;1
EIN ALTER DIENER;ZWEITE;1
EIN ALTER DIENER;FÜNFTE;1
ÄGISTH;CHRYSOTHEMIS;1
ÄGISTH;DRITTE;1
ÄGISTH;DIE SCHLEPPTRÄGERIN;1
ÄGISTH;AUFSEHERIN;1
ÄGISTH;ERSTE;1
ÄGISTH;DIE VERTRAUTE;1
ÄGISTH;VIERTE;1
ÄGISTH;ELEKTRA;1
ÄGISTH;DER KOCH;1
ÄGISTH;CHKYSOTHEMIS;1
ÄGISTH;OREST;1
ÄGISTH;DER PFLEGER;1
ÄGISTH;DIE DIENERINNEN;1
ÄGISTH;ZWEITE;1
ÄGISTH;FÜNFTE;1
CHRYSOTHEMIS;DRITTE;1
CHRYSOTHEMIS;DIE SCHLEPPTRÄGERIN;1
CHRYSOTHEMIS;AUFSEHERIN;1
CHRYSOTHEMIS;ERSTE;1
CHRYSOTHEMIS;DIE VERTRAUTE;1
CHRYSOTHEMIS;VIERTE;1
CHRYSOTHEMIS;ELEKTRA;1
CHRYSOTHEMIS;DER KOCH;1
CHRYSOTHEMIS;CHKYSOTHEMIS;1
CHRYSOTHEMIS;OREST;1
CHRYSOTHEMIS;DER PFLEGER;1
CHRYSOTHEMIS;DIE DIENERINNEN;1
CHRYSOTHEMIS;ZWEITE;1
CHRYSOTHEMIS;FÜNFTE;1
DIE SCHLEPPTRÄGERIN;FÜNFTE;1
DIE SCHLEPPTRÄGERIN;AUFSEHERIN;1
DIE SCHLEPPTRÄGERIN;ERSTE;1
DIE SCHLEPPTRÄGERIN;DIE VERTRAUTE;1
DIE SCHLEPPTRÄGERIN;VIERTE;1
DIE SCHLEPPTRÄGERIN;ELEKTRA;1
DIE SCHLEPPTRÄGERIN;DER KOCH;1
DIE SCHLEPPTRÄGERIN;CHKYSOTHEMIS;1
DIE SCHLEPPTRÄGERIN;DRITTE;1
DIE SCHLEPPTRÄGERIN;OREST;1
DIE SCHLEPPTRÄGERIN;DIE DIENERINNEN;1
DIE SCHLEPPTRÄGERIN;ZWEITE;1
DIE SCHLEPPTRÄGERIN;DER PFLEGER;1
AUFSEHERIN;DER PFLEGER;1
AUFSEHERIN;ERSTE;1
AUFSEHERIN;DIE VERTRAUTE;1
AUFSEHERIN;VIERTE;1
AUFSEHERIN;ELEKTRA;1
AUFSEHERIN;DER KOCH;1
AUFSEHERIN;CHKYSOTHEMIS;1
AUFSEHERIN;DRITTE;1
AUFSEHERIN;OREST;1
AUFSEHERIN;DIE DIENERINNEN;1
AUFSEHERIN;ZWEITE;1
AUFSEHERIN;FÜNFTE;1
ERSTE;DIE DIENERINNEN;1
ERSTE;DIE VERTRAUTE;1
ERSTE;VIERTE;1
ERSTE;ELEKTRA;1
ERSTE;DER KOCH;1
ERSTE;CHKYSOTHEMIS;1
ERSTE;DRITTE;1
ERSTE;OREST;1
ERSTE;DER PFLEGER;1
ERSTE;ZWEITE;1
ERSTE;FÜNFTE;1
DIE VERTRAUTE;DER KOCH;1
DIE VERTRAUTE;VIERTE;1
DIE VERTRAUTE;ELEKTRA;1
DIE VERTRAUTE;CHKYSOTHEMIS;1
DIE VERTRAUTE;DRITTE;1
DIE VERTRAUTE;OREST;1
DIE VERTRAUTE;DER PFLEGER;1
DIE VERTRAUTE;DIE DIENERINNEN;1
DIE VERTRAUTE;ZWEITE;1
DIE VERTRAUTE;FÜNFTE;1
VIERTE;ELEKTRA;1
VIERTE;DER KOCH;1
VIERTE;CHKYSOTHEMIS;1
VIERTE;DRITTE;1
VIERTE;OREST;1
VIERTE;DER PFLEGER;1
VIERTE;DIE DIENERINNEN;1
VIERTE;ZWEITE;1
VIERTE;FÜNFTE;1
ELEKTRA;DER PFLEGER;1
ELEKTRA;DER KOCH;1
ELEKTRA;CHKYSOTHEMIS;1
ELEKTRA;DRITTE;1
ELEKTRA;OREST;1
ELEKTRA;DIE DIENERINNEN;1
ELEKTRA;ZWEITE;1
ELEKTRA;FÜNFTE;1
DER KOCH;FÜNFTE;1
DER KOCH;CHKYSOTHEMIS;1
DER KOCH;DRITTE;1
DER KOCH;OREST;1
DER KOCH;DIE DIENERINNEN;1
DER KOCH;ZWEITE;1
DER KOCH;DER PFLEGER;1
CHKYSOTHEMIS;DER PFLEGER;1
CHKYSOTHEMIS;DRITTE;1
CHKYSOTHEMIS;OREST;1
CHKYSOTHEMIS;DIE DIENERINNEN;1
CHKYSOTHEMIS;ZWEITE;1
CHKYSOTHEMIS;FÜNFTE;1
DRITTE;OREST;1
DRITTE;DER PFLEGER;1
DRITTE;DIE DIENERINNEN;1
DRITTE;ZWEITE;1
DRITTE;FÜNFTE;1
OREST;DER PFLEGER;1
OREST;DIE DIENERINNEN;1
OREST;ZWEITE;1
OREST;FÜNFTE;1
DER PFLEGER;DIE DIENERINNEN;1
DER PFLEGER;ZWEITE;1
DER PFLEGER;FÜNFTE;1
DIE DIENERINNEN;ZWEITE;1
DIE DIENERINNEN;FÜNFTE;1
ZWEITE;FÜNFTE;1
